country_code,country_label,risk,cause_num,cause,year,pop2015,hdi,rank
31,"Azerbaijan",29.32348,0,"Major NCDs",2000,9617484,1,5
31,"Azerbaijan",28.17782,0,"Major NCDs",2001,9617484,1,5
31,"Azerbaijan",28.10684,0,"Major NCDs",2002,9617484,1,5
31,"Azerbaijan",28.89654,0,"Major NCDs",2003,9617484,1,5
31,"Azerbaijan",28.62356,0,"Major NCDs",2004,9617484,1,5
31,"Azerbaijan",28.93793,0,"Major NCDs",2005,9617484,1,5
31,"Azerbaijan",28.31617,0,"Major NCDs",2006,9617484,1,5
31,"Azerbaijan",26.27121,0,"Major NCDs",2007,9617484,1,5
31,"Azerbaijan",27.18935,0,"Major NCDs",2008,9617484,1,5
31,"Azerbaijan",25.78519,0,"Major NCDs",2009,9617484,1,5
31,"Azerbaijan",24.83241,0,"Major NCDs",2010,9617484,1,5
31,"Azerbaijan",23.57072,0,"Major NCDs",2011,9617484,1,5
31,"Azerbaijan",23.78558,0,"Major NCDs",2012,9617484,1,5
31,"Azerbaijan",23.33672,0,"Major NCDs",2013,9617484,1,5
31,"Azerbaijan",22.87784,0,"Major NCDs",2014,9617484,1,5
31,"Azerbaijan",27.78491,0,"Major NCDs",2015,,1,5
31,"Azerbaijan",27.3432,0,"Major NCDs",2016,,1,5
40,"Austria",15.27097,0,"Major NCDs",2000,8678657,2,18
40,"Austria",14.58458,0,"Major NCDs",2001,8678657,2,18
40,"Austria",13.64909,0,"Major NCDs",2002,8678657,2,18
40,"Austria",13.34327,0,"Major NCDs",2003,8678657,2,18
40,"Austria",12.95564,0,"Major NCDs",2004,8678657,2,18
40,"Austria",12.718,0,"Major NCDs",2005,8678657,2,18
40,"Austria",12.58777,0,"Major NCDs",2006,8678657,2,18
40,"Austria",12.44073,0,"Major NCDs",2007,8678657,2,18
40,"Austria",12.3657,0,"Major NCDs",2008,8678657,2,18
40,"Austria",12.5205,0,"Major NCDs",2009,8678657,2,18
40,"Austria",12.18808,0,"Major NCDs",2010,8678657,2,18
40,"Austria",11.81795,0,"Major NCDs",2011,8678657,2,18
40,"Austria",11.55506,0,"Major NCDs",2012,8678657,2,18
40,"Austria",11.49077,0,"Major NCDs",2013,8678657,2,18
40,"Austria",11.45138,0,"Major NCDs",2014,8678657,2,18
40,"Austria",15.06341,0,"Major NCDs",2015,,2,18
40,"Austria",14.76486,0,"Major NCDs",2016,,2,18
51,"Armenia",27.77194,0,"Major NCDs",2000,2916950,1,11
51,"Armenia",27.28706,0,"Major NCDs",2001,2916950,1,11
51,"Armenia",26.92929,0,"Major NCDs",2002,2916950,1,11
51,"Armenia",26.68216,0,"Major NCDs",2003,2916950,1,11
51,"Armenia",26.70308,0,"Major NCDs",2004,2916950,1,11
51,"Armenia",26.44539,0,"Major NCDs",2005,2916950,1,11
51,"Armenia",26.93565,0,"Major NCDs",2006,2916950,1,11
51,"Armenia",25.2196,0,"Major NCDs",2007,2916950,1,11
51,"Armenia",27.1463,0,"Major NCDs",2008,2916950,1,11
51,"Armenia",26.89075,0,"Major NCDs",2009,2916950,1,11
51,"Armenia",25.85215,0,"Major NCDs",2010,2916950,1,11
51,"Armenia",24.48698,0,"Major NCDs",2011,2916950,1,11
51,"Armenia",23.72679,0,"Major NCDs",2012,2916950,1,11
51,"Armenia",22.78389,0,"Major NCDs",2013,2916950,1,11
51,"Armenia",22.4383,0,"Major NCDs",2014,2916950,1,11
51,"Armenia",28.19953,0,"Major NCDs",2015,,1,11
51,"Armenia",27.19148,0,"Major NCDs",2016,,1,11
112,"Belarus",33.94347,0,"Major NCDs",2000,9485772,1,6
112,"Belarus",35.18299,0,"Major NCDs",2001,9485772,1,6
112,"Belarus",36.14608,0,"Major NCDs",2002,9485772,1,6
112,"Belarus",35.07111,0,"Major NCDs",2003,9485772,1,6
112,"Belarus",34.3491,0,"Major NCDs",2004,9485772,1,6
112,"Belarus",34.66536,0,"Major NCDs",2005,9485772,1,6
112,"Belarus",33.12784,0,"Major NCDs",2006,9485772,1,6
112,"Belarus",31.38099,0,"Major NCDs",2007,9485772,1,6
112,"Belarus",31.50732,0,"Major NCDs",2008,9485772,1,6
112,"Belarus",31.22342,0,"Major NCDs",2009,9485772,1,6
112,"Belarus",30.97026,0,"Major NCDs",2010,9485772,1,6
112,"Belarus",30.2257,0,"Major NCDs",2011,9485772,1,6
112,"Belarus",26.72396,0,"Major NCDs",2012,9485772,1,6
112,"Belarus",25.6702,0,"Major NCDs",2013,9485772,1,6
112,"Belarus",25.1722,0,"Major NCDs",2014,9485772,1,6
112,"Belarus",32.13898,0,"Major NCDs",2015,,1,6
112,"Belarus",31.09362,0,"Major NCDs",2016,,1,6
208,"Denmark",18.31632,0,"Major NCDs",2000,5688695,2,20
208,"Denmark",17.85104,0,"Major NCDs",2001,5688695,2,20
208,"Denmark",17.32277,0,"Major NCDs",2002,5688695,2,20
208,"Denmark",16.48524,0,"Major NCDs",2003,5688695,2,20
208,"Denmark",15.81842,0,"Major NCDs",2004,5688695,2,20
208,"Denmark",15.10333,0,"Major NCDs",2005,5688695,2,20
208,"Denmark",15.09261,0,"Major NCDs",2006,5688695,2,20
208,"Denmark",14.65643,0,"Major NCDs",2007,5688695,2,20
208,"Denmark",14.13057,0,"Major NCDs",2008,5688695,2,20
208,"Denmark",13.87864,0,"Major NCDs",2009,5688695,2,20
208,"Denmark",13.42668,0,"Major NCDs",2010,5688695,2,20
208,"Denmark",12.99256,0,"Major NCDs",2011,5688695,2,20
208,"Denmark",12.74649,0,"Major NCDs",2012,5688695,2,20
208,"Denmark",12.22643,0,"Major NCDs",2013,5688695,2,20
208,"Denmark",12.08811,0,"Major NCDs",2014,5688695,2,20
208,"Denmark",15.99705,0,"Major NCDs",2015,,2,20
208,"Denmark",15.51168,0,"Major NCDs",2016,,2,20
246,"Finland",14.61429,0,"Major NCDs",2000,5481966,2,13
246,"Finland",13.73485,0,"Major NCDs",2001,5481966,2,13
246,"Finland",13.47122,0,"Major NCDs",2002,5481966,2,13
246,"Finland",13.29768,0,"Major NCDs",2003,5481966,2,13
246,"Finland",13.3569,0,"Major NCDs",2004,5481966,2,13
246,"Finland",12.92885,0,"Major NCDs",2005,5481966,2,13
246,"Finland",12.58773,0,"Major NCDs",2006,5481966,2,13
246,"Finland",12.63364,0,"Major NCDs",2007,5481966,2,13
246,"Finland",12.22516,0,"Major NCDs",2008,5481966,2,13
246,"Finland",12.0779,0,"Major NCDs",2009,5481966,2,13
246,"Finland",11.80444,0,"Major NCDs",2010,5481966,2,13
246,"Finland",11.50623,0,"Major NCDs",2011,5481966,2,13
246,"Finland",11.21232,0,"Major NCDs",2012,5481966,2,13
246,"Finland",10.93514,0,"Major NCDs",2013,5481966,2,13
246,"Finland",10.48032,0,"Major NCDs",2014,5481966,2,13
246,"Finland",15.03784,0,"Major NCDs",2015,,2,13
246,"Finland",14.87917,0,"Major NCDs",2016,,2,13
250,"France",13.81809,0,"Major NCDs",2000,64457201,2,21
250,"France",13.54285,0,"Major NCDs",2001,64457201,2,21
250,"France",13.36458,0,"Major NCDs",2002,64457201,2,21
250,"France",13.23764,0,"Major NCDs",2003,64457201,2,21
250,"France",12.69284,0,"Major NCDs",2004,64457201,2,21
250,"France",12.61733,0,"Major NCDs",2005,64457201,2,21
250,"France",12.34486,0,"Major NCDs",2006,64457201,2,21
250,"France",12.17169,0,"Major NCDs",2007,64457201,2,21
250,"France",12.05152,0,"Major NCDs",2008,64457201,2,21
250,"France",11.96391,0,"Major NCDs",2009,64457201,2,21
250,"France",11.78579,0,"Major NCDs",2010,64457201,2,21
250,"France",11.53046,0,"Major NCDs",2011,64457201,2,21
250,"France",11.40872,0,"Major NCDs",2012,64457201,2,21
250,"France",11.18846,0,"Major NCDs",2013,64457201,2,21
250,"France",10.91743,0,"Major NCDs",2014,64457201,2,21
250,"France",14.18654,0,"Major NCDs",2015,,2,21
250,"France",13.94709,0,"Major NCDs",2016,,2,21
276,"Germany",16.13127,0,"Major NCDs",2000,81707789,2,19
276,"Germany",15.56687,0,"Major NCDs",2001,81707789,2,19
276,"Germany",15.28375,0,"Major NCDs",2002,81707789,2,19
276,"Germany",15.02815,0,"Major NCDs",2003,81707789,2,19
276,"Germany",14.41117,0,"Major NCDs",2004,81707789,2,19
276,"Germany",14.10711,0,"Major NCDs",2005,81707789,2,19
276,"Germany",13.68632,0,"Major NCDs",2006,81707789,2,19
276,"Germany",13.6239,0,"Major NCDs",2007,81707789,2,19
276,"Germany",13.5149,0,"Major NCDs",2008,81707789,2,19
276,"Germany",13.40862,0,"Major NCDs",2009,81707789,2,19
276,"Germany",13.0824,0,"Major NCDs",2010,81707789,2,19
276,"Germany",12.73897,0,"Major NCDs",2011,81707789,2,19
276,"Germany",12.46614,0,"Major NCDs",2012,81707789,2,19
276,"Germany",12.52473,0,"Major NCDs",2013,81707789,2,19
276,"Germany",12.10555,0,"Major NCDs",2014,81707789,2,19
276,"Germany",16.47343,0,"Major NCDs",2015,,2,19
276,"Germany",15.96392,0,"Major NCDs",2016,,2,19
380,"Italy",13.47857,0,"Major NCDs",2000,59504212,2,15
380,"Italy",13.0607,0,"Major NCDs",2001,59504212,2,15
380,"Italy",12.66621,0,"Major NCDs",2002,59504212,2,15
380,"Italy",12.46977,0,"Major NCDs",2003,59504212,2,15
380,"Italy",11.80062,0,"Major NCDs",2004,59504212,2,15
380,"Italy",11.55043,0,"Major NCDs",2005,59504212,2,15
380,"Italy",11.24828,0,"Major NCDs",2006,59504212,2,15
380,"Italy",11.14635,0,"Major NCDs",2007,59504212,2,15
380,"Italy",10.93969,0,"Major NCDs",2008,59504212,2,15
380,"Italy",10.80747,0,"Major NCDs",2009,59504212,2,15
380,"Italy",10.33899,0,"Major NCDs",2010,59504212,2,15
380,"Italy",10.26465,0,"Major NCDs",2011,59504212,2,15
380,"Italy",10.11419,0,"Major NCDs",2012,59504212,2,15
380,"Italy",9.780645,0,"Major NCDs",2013,59504212,2,15
380,"Italy",9.663904,0,"Major NCDs",2014,59504212,2,15
380,"Italy",12.32159,0,"Major NCDs",2015,,2,15
380,"Italy",11.95482,0,"Major NCDs",2016,,2,15
398,"Kazakhstan",39.06525,0,"Major NCDs",2000,17749648,1,7
398,"Kazakhstan",38.37108,0,"Major NCDs",2001,17749648,1,7
398,"Kazakhstan",38.12993,0,"Major NCDs",2002,17749648,1,7
398,"Kazakhstan",39.39238,0,"Major NCDs",2003,17749648,1,7
398,"Kazakhstan",38.57297,0,"Major NCDs",2004,17749648,1,7
398,"Kazakhstan",38.93683,0,"Major NCDs",2005,17749648,1,7
398,"Kazakhstan",37.94325,0,"Major NCDs",2006,17749648,1,7
398,"Kazakhstan",37.3833,0,"Major NCDs",2007,17749648,1,7
398,"Kazakhstan",35.52908,0,"Major NCDs",2008,17749648,1,7
398,"Kazakhstan",33.40907,0,"Major NCDs",2009,17749648,1,7
398,"Kazakhstan",32.86198,0,"Major NCDs",2010,17749648,1,7
398,"Kazakhstan",31.2047,0,"Major NCDs",2011,17749648,1,7
398,"Kazakhstan",30.17976,0,"Major NCDs",2012,17749648,1,7
398,"Kazakhstan",28.56489,0,"Major NCDs",2013,17749648,1,7
398,"Kazakhstan",28.35651,0,"Major NCDs",2014,17749648,1,7
398,"Kazakhstan",37.64201,0,"Major NCDs",2015,,1,7
398,"Kazakhstan",35.57045,0,"Major NCDs",2016,,1,7
417,"Kyrgyzstan",31.40189,0,"Major NCDs",2000,5865401,1,3
417,"Kyrgyzstan",30.17024,0,"Major NCDs",2001,5865401,1,3
417,"Kyrgyzstan",31.28625,0,"Major NCDs",2002,5865401,1,3
417,"Kyrgyzstan",32.50139,0,"Major NCDs",2003,5865401,1,3
417,"Kyrgyzstan",31.55052,0,"Major NCDs",2004,5865401,1,3
417,"Kyrgyzstan",32.29722,0,"Major NCDs",2005,5865401,1,3
417,"Kyrgyzstan",32.47428,0,"Major NCDs",2006,5865401,1,3
417,"Kyrgyzstan",32.49358,0,"Major NCDs",2007,5865401,1,3
417,"Kyrgyzstan",31.2028,0,"Major NCDs",2008,5865401,1,3
417,"Kyrgyzstan",30.46804,0,"Major NCDs",2009,5865401,1,3
417,"Kyrgyzstan",27.77846,0,"Major NCDs",2010,5865401,1,3
417,"Kyrgyzstan",27.72908,0,"Major NCDs",2011,5865401,1,3
417,"Kyrgyzstan",26.18937,0,"Major NCDs",2012,5865401,1,3
417,"Kyrgyzstan",26.00866,0,"Major NCDs",2013,5865401,1,3
417,"Kyrgyzstan",27.04184,0,"Major NCDs",2014,5865401,1,3
417,"Kyrgyzstan",34.00574,0,"Major NCDs",2015,,1,3
417,"Kyrgyzstan",33.12634,0,"Major NCDs",2016,,1,3
498,"Republic of Moldova",31.8809,0,"Major NCDs",2000,4065980,1,8
498,"Republic of Moldova",30.35158,0,"Major NCDs",2001,4065980,1,8
498,"Republic of Moldova",31.34596,0,"Major NCDs",2002,4065980,1,8
498,"Republic of Moldova",31.32644,0,"Major NCDs",2003,4065980,1,8
498,"Republic of Moldova",30.75153,0,"Major NCDs",2004,4065980,1,8
498,"Republic of Moldova",31.56093,0,"Major NCDs",2005,4065980,1,8
498,"Republic of Moldova",30.54382,0,"Major NCDs",2006,4065980,1,8
498,"Republic of Moldova",29.70977,0,"Major NCDs",2007,4065980,1,8
498,"Republic of Moldova",28.63018,0,"Major NCDs",2008,4065980,1,8
498,"Republic of Moldova",29.2197,0,"Major NCDs",2009,4065980,1,8
498,"Republic of Moldova",29.52066,0,"Major NCDs",2010,4065980,1,8
498,"Republic of Moldova",26.65258,0,"Major NCDs",2011,4065980,1,8
498,"Republic of Moldova",25.84711,0,"Major NCDs",2012,4065980,1,8
498,"Republic of Moldova",24.90506,0,"Major NCDs",2013,4065980,1,8
498,"Republic of Moldova",26.01422,0,"Major NCDs",2014,4065980,1,8
498,"Republic of Moldova",37.51417,0,"Major NCDs",2015,,1,8
498,"Republic of Moldova",34.80687,0,"Major NCDs",2016,,1,8
528,"Netherlands",16.22992,0,"Major NCDs",2000,16938499,2,22
528,"Netherlands",15.74554,0,"Major NCDs",2001,16938499,2,22
528,"Netherlands",15.55569,0,"Major NCDs",2002,16938499,2,22
528,"Netherlands",14.9753,0,"Major NCDs",2003,16938499,2,22
528,"Netherlands",14.45405,0,"Major NCDs",2004,16938499,2,22
528,"Netherlands",13.89978,0,"Major NCDs",2005,16938499,2,22
528,"Netherlands",13.42982,0,"Major NCDs",2006,16938499,2,22
528,"Netherlands",13.17857,0,"Major NCDs",2007,16938499,2,22
528,"Netherlands",12.96903,0,"Major NCDs",2008,16938499,2,22
528,"Netherlands",12.626,0,"Major NCDs",2009,16938499,2,22
528,"Netherlands",12.45358,0,"Major NCDs",2010,16938499,2,22
528,"Netherlands",12.07324,0,"Major NCDs",2011,16938499,2,22
528,"Netherlands",11.99712,0,"Major NCDs",2012,16938499,2,22
528,"Netherlands",11.60981,0,"Major NCDs",2013,16938499,2,22
528,"Netherlands",11.14404,0,"Major NCDs",2014,16938499,2,22
528,"Netherlands",14.09089,0,"Major NCDs",2015,,2,22
528,"Netherlands",14.00033,0,"Major NCDs",2016,,2,22
578,"Norway",14.20134,0,"Major NCDs",2000,5199836,2,14
578,"Norway",13.87098,0,"Major NCDs",2001,5199836,2,14
578,"Norway",13.78438,0,"Major NCDs",2002,5199836,2,14
578,"Norway",13.00241,0,"Major NCDs",2003,5199836,2,14
578,"Norway",12.56291,0,"Major NCDs",2004,5199836,2,14
578,"Norway",12.23887,0,"Major NCDs",2005,5199836,2,14
578,"Norway",11.984,0,"Major NCDs",2006,5199836,2,14
578,"Norway",11.94901,0,"Major NCDs",2007,5199836,2,14
578,"Norway",11.67662,0,"Major NCDs",2008,5199836,2,14
578,"Norway",11.28971,0,"Major NCDs",2009,5199836,2,14
578,"Norway",11.3005,0,"Major NCDs",2010,5199836,2,14
578,"Norway",10.83427,0,"Major NCDs",2011,5199836,2,14
578,"Norway",10.68286,0,"Major NCDs",2012,5199836,2,14
578,"Norway",10.5078,0,"Major NCDs",2013,5199836,2,14
578,"Norway",9.806396,0,"Major NCDs",2014,5199836,2,14
578,"Norway",12.05597,0,"Major NCDs",2015,,2,14
578,"Norway",11.96782,0,"Major NCDs",2016,,2,14
643,"Russian Federation",36.96184,0,"Major NCDs",2000,143900000,1,10
643,"Russian Federation",37.22696,0,"Major NCDs",2001,143900000,1,10
643,"Russian Federation",38.03559,0,"Major NCDs",2002,143900000,1,10
643,"Russian Federation",38.31977,0,"Major NCDs",2003,143900000,1,10
643,"Russian Federation",37.25437,0,"Major NCDs",2004,143900000,1,10
643,"Russian Federation",37.02798,0,"Major NCDs",2005,143900000,1,10
643,"Russian Federation",34.22778,0,"Major NCDs",2006,143900000,1,10
643,"Russian Federation",32.89427,0,"Major NCDs",2007,143900000,1,10
643,"Russian Federation",32.97605,0,"Major NCDs",2008,143900000,1,10
643,"Russian Federation",31.33346,0,"Major NCDs",2009,143900000,1,10
643,"Russian Federation",30.37337,0,"Major NCDs",2010,143900000,1,10
643,"Russian Federation",28.05896,0,"Major NCDs",2011,143900000,1,10
643,"Russian Federation",27.96239,0,"Major NCDs",2012,143900000,1,10
643,"Russian Federation",27.12993,0,"Major NCDs",2013,143900000,1,10
643,"Russian Federation",26.45488,0,"Major NCDs",2014,143900000,1,10
643,"Russian Federation",34.45419,0,"Major NCDs",2015,,1,10
643,"Russian Federation",33.73503,0,"Major NCDs",2016,,1,10
724,"Spain",13.47638,0,"Major NCDs",2000,46397664,2,16
724,"Spain",13.16877,0,"Major NCDs",2001,46397664,2,16
724,"Spain",12.9697,0,"Major NCDs",2002,46397664,2,16
724,"Spain",12.84304,0,"Major NCDs",2003,46397664,2,16
724,"Spain",12.35558,0,"Major NCDs",2004,46397664,2,16
724,"Spain",12.18719,0,"Major NCDs",2005,46397664,2,16
724,"Spain",11.68844,0,"Major NCDs",2006,46397664,2,16
724,"Spain",11.47902,0,"Major NCDs",2007,46397664,2,16
724,"Spain",11.12047,0,"Major NCDs",2008,46397664,2,16
724,"Spain",10.99779,0,"Major NCDs",2009,46397664,2,16
724,"Spain",10.73976,0,"Major NCDs",2010,46397664,2,16
724,"Spain",10.59358,0,"Major NCDs",2011,46397664,2,16
724,"Spain",10.57524,0,"Major NCDs",2012,46397664,2,16
724,"Spain",10.346,0,"Major NCDs",2013,46397664,2,16
724,"Spain",10.11045,0,"Major NCDs",2014,46397664,2,16
724,"Spain",12.74076,0,"Major NCDs",2015,,2,16
724,"Spain",12.51602,0,"Major NCDs",2016,,2,16
752,"Sweden",13.18935,0,"Major NCDs",2000,9763565,2,12
752,"Sweden",12.87253,0,"Major NCDs",2001,9763565,2,12
752,"Sweden",12.60032,0,"Major NCDs",2002,9763565,2,12
752,"Sweden",12.31055,0,"Major NCDs",2003,9763565,2,12
752,"Sweden",12.01658,0,"Major NCDs",2004,9763565,2,12
752,"Sweden",11.81927,0,"Major NCDs",2005,9763565,2,12
752,"Sweden",11.41552,0,"Major NCDs",2006,9763565,2,12
752,"Sweden",11.16709,0,"Major NCDs",2007,9763565,2,12
752,"Sweden",11.01977,0,"Major NCDs",2008,9763565,2,12
752,"Sweden",10.61747,0,"Major NCDs",2009,9763565,2,12
752,"Sweden",10.41751,0,"Major NCDs",2010,9763565,2,12
752,"Sweden",10.22714,0,"Major NCDs",2011,9763565,2,12
752,"Sweden",9.9335,0,"Major NCDs",2012,9763565,2,12
752,"Sweden",9.866951,0,"Major NCDs",2013,9763565,2,12
752,"Sweden",9.592862,0,"Major NCDs",2014,9763565,2,12
752,"Sweden",12.08135,0,"Major NCDs",2015,,2,12
752,"Sweden",11.99471,0,"Major NCDs",2016,,2,12
762,"Tajikistan",27.31434,0,"Major NCDs",2000,8548651,1,2
762,"Tajikistan",27.42828,0,"Major NCDs",2001,8548651,1,2
762,"Tajikistan",27.27105,0,"Major NCDs",2002,8548651,1,2
762,"Tajikistan",26.55275,0,"Major NCDs",2003,8548651,1,2
762,"Tajikistan",25.66783,0,"Major NCDs",2004,8548651,1,2
762,"Tajikistan",27.26264,0,"Major NCDs",2005,8548651,1,2
762,"Tajikistan",27.18933,0,"Major NCDs",2006,8548651,1,2
762,"Tajikistan",27.22375,0,"Major NCDs",2007,8548651,1,2
762,"Tajikistan",26.71677,0,"Major NCDs",2008,8548651,1,2
762,"Tajikistan",25.65922,0,"Major NCDs",2009,8548651,1,2
762,"Tajikistan",26.03891,0,"Major NCDs",2010,8548651,1,2
762,"Tajikistan",26.01375,0,"Major NCDs",2011,8548651,1,2
762,"Tajikistan",25.84015,0,"Major NCDs",2012,8548651,1,2
762,"Tajikistan",25.66248,0,"Major NCDs",2013,8548651,1,2
762,"Tajikistan",25.50992,0,"Major NCDs",2014,8548651,1,2
762,"Tajikistan",29.79861,0,"Major NCDs",2015,,1,2
762,"Tajikistan",29.70731,0,"Major NCDs",2016,,1,2
795,"Turkmenistan",34.00199,0,"Major NCDs",2000,5565284,1,4
795,"Turkmenistan",32.59778,0,"Major NCDs",2001,5565284,1,4
795,"Turkmenistan",34.89547,0,"Major NCDs",2002,5565284,1,4
795,"Turkmenistan",34.64989,0,"Major NCDs",2003,5565284,1,4
795,"Turkmenistan",35.16243,0,"Major NCDs",2004,5565284,1,4
795,"Turkmenistan",35.58495,0,"Major NCDs",2005,5565284,1,4
795,"Turkmenistan",34.28205,0,"Major NCDs",2006,5565284,1,4
795,"Turkmenistan",34.66763,0,"Major NCDs",2007,5565284,1,4
795,"Turkmenistan",34.36832,0,"Major NCDs",2008,5565284,1,4
795,"Turkmenistan",31.67816,0,"Major NCDs",2009,5565284,1,4
795,"Turkmenistan",30.9778,0,"Major NCDs",2010,5565284,1,4
795,"Turkmenistan",29.87103,0,"Major NCDs",2011,5565284,1,4
795,"Turkmenistan",29.71296,0,"Major NCDs",2012,5565284,1,4
795,"Turkmenistan",29.96099,0,"Major NCDs",2013,5565284,1,4
795,"Turkmenistan",30.51041,0,"Major NCDs",2014,5565284,1,4
795,"Turkmenistan",41.13254,0,"Major NCDs",2015,,1,4
795,"Turkmenistan",39.67886,0,"Major NCDs",2016,,1,4
804,"Ukraine",34.23849,0,"Major NCDs",2000,44657704,1,9
804,"Ukraine",33.25596,0,"Major NCDs",2001,44657704,1,9
804,"Ukraine",33.65399,0,"Major NCDs",2002,44657704,1,9
804,"Ukraine",33.83787,0,"Major NCDs",2003,44657704,1,9
804,"Ukraine",34.67051,0,"Major NCDs",2004,44657704,1,9
804,"Ukraine",35.52271,0,"Major NCDs",2005,44657704,1,9
804,"Ukraine",33.99932,0,"Major NCDs",2006,44657704,1,9
804,"Ukraine",34.09078,0,"Major NCDs",2007,44657704,1,9
804,"Ukraine",33.53392,0,"Major NCDs",2008,44657704,1,9
804,"Ukraine",30.73778,0,"Major NCDs",2009,44657704,1,9
804,"Ukraine",29.2644,0,"Major NCDs",2010,44657704,1,9
804,"Ukraine",27.62769,0,"Major NCDs",2011,44657704,1,9
804,"Ukraine",27.48351,0,"Major NCDs",2012,44657704,1,9
804,"Ukraine",27.21383,0,"Major NCDs",2013,44657704,1,9
804,"Ukraine",26.75251,0,"Major NCDs",2014,44657704,1,9
804,"Ukraine",34.40355,0,"Major NCDs",2015,,1,9
804,"Ukraine",32.8766,0,"Major NCDs",2016,,1,9
826,"UK",16.4198,0,"Major NCDs",2000,65397080,2,17
826,"UK",15.99629,0,"Major NCDs",2001,65397080,2,17
826,"UK",15.71005,0,"Major NCDs",2002,65397080,2,17
826,"UK",15.33482,0,"Major NCDs",2003,65397080,2,17
826,"UK",14.67081,0,"Major NCDs",2004,65397080,2,17
826,"UK",14.19522,0,"Major NCDs",2005,65397080,2,17
826,"UK",13.7223,0,"Major NCDs",2006,65397080,2,17
826,"UK",13.40759,0,"Major NCDs",2007,65397080,2,17
826,"UK",13.03394,0,"Major NCDs",2008,65397080,2,17
826,"UK",12.4607,0,"Major NCDs",2009,65397080,2,17
826,"UK",12.18262,0,"Major NCDs",2010,65397080,2,17
826,"UK",11.75503,0,"Major NCDs",2011,65397080,2,17
826,"UK",11.6181,0,"Major NCDs",2012,65397080,2,17
826,"UK",11.45756,0,"Major NCDs",2013,65397080,2,17
826,"UK",11.19467,0,"Major NCDs",2014,65397080,2,17
826,"UK",14.92862,0,"Major NCDs",2015,,2,17
826,"UK",14.49903,0,"Major NCDs",2016,,2,17
860,"Uzbekistan",29.25221,0,"Major NCDs",2000,30976021,1,1
860,"Uzbekistan",28.492,0,"Major NCDs",2001,30976021,1,1
860,"Uzbekistan",29.24857,0,"Major NCDs",2002,30976021,1,1
860,"Uzbekistan",29.00475,0,"Major NCDs",2003,30976021,1,1
860,"Uzbekistan",28.27132,0,"Major NCDs",2004,30976021,1,1
860,"Uzbekistan",29.84288,0,"Major NCDs",2005,30976021,1,1
860,"Uzbekistan",29.28115,0,"Major NCDs",2006,30976021,1,1
860,"Uzbekistan",28.37437,0,"Major NCDs",2007,30976021,1,1
860,"Uzbekistan",27.44538,0,"Major NCDs",2008,30976021,1,1
860,"Uzbekistan",26.66678,0,"Major NCDs",2009,30976021,1,1
860,"Uzbekistan",26.46104,0,"Major NCDs",2010,30976021,1,1
860,"Uzbekistan",26.20163,0,"Major NCDs",2011,30976021,1,1
860,"Uzbekistan",25.92449,0,"Major NCDs",2012,30976021,1,1
860,"Uzbekistan",25.62945,0,"Major NCDs",2013,30976021,1,1
860,"Uzbekistan",25.87825,0,"Major NCDs",2014,30976021,1,1
860,"Uzbekistan",31.69496,0,"Major NCDs",2015,,1,1
860,"Uzbekistan",31.25685,0,"Major NCDs",2016,,1,1
31,"Azerbaijan",8.620054,1,"Malignant neoplasms",2000,9617484,1,5
31,"Azerbaijan",8.536712,1,"Malignant neoplasms",2001,9617484,1,5
31,"Azerbaijan",8.56104,1,"Malignant neoplasms",2002,9617484,1,5
31,"Azerbaijan",8.691053,1,"Malignant neoplasms",2003,9617484,1,5
31,"Azerbaijan",8.610653,1,"Malignant neoplasms",2004,9617484,1,5
31,"Azerbaijan",8.574302,1,"Malignant neoplasms",2005,9617484,1,5
31,"Azerbaijan",8.591602,1,"Malignant neoplasms",2006,9617484,1,5
31,"Azerbaijan",8.636118,1,"Malignant neoplasms",2007,9617484,1,5
31,"Azerbaijan",8.780117,1,"Malignant neoplasms",2008,9617484,1,5
31,"Azerbaijan",8.686073,1,"Malignant neoplasms",2009,9617484,1,5
31,"Azerbaijan",8.57085,1,"Malignant neoplasms",2010,9617484,1,5
31,"Azerbaijan",8.310467,1,"Malignant neoplasms",2011,9617484,1,5
31,"Azerbaijan",8.162652,1,"Malignant neoplasms",2012,9617484,1,5
31,"Azerbaijan",7.811084,1,"Malignant neoplasms",2013,9617484,1,5
31,"Azerbaijan",7.64649,1,"Malignant neoplasms",2014,9617484,1,5
31,"Azerbaijan",7.933061,1,"Malignant neoplasms",2015,,1,5
31,"Azerbaijan",8.007944,1,"Malignant neoplasms",2016,,1,5
40,"Austria",8.08238,1,"Malignant neoplasms",2000,8678657,2,18
40,"Austria",7.841266,1,"Malignant neoplasms",2001,8678657,2,18
40,"Austria",7.613777,1,"Malignant neoplasms",2002,8678657,2,18
40,"Austria",7.596019,1,"Malignant neoplasms",2003,8678657,2,18
40,"Austria",7.699049,1,"Malignant neoplasms",2004,8678657,2,18
40,"Austria",7.518458,1,"Malignant neoplasms",2005,8678657,2,18
40,"Austria",7.496066,1,"Malignant neoplasms",2006,8678657,2,18
40,"Austria",7.49015,1,"Malignant neoplasms",2007,8678657,2,18
40,"Austria",7.6018,1,"Malignant neoplasms",2008,8678657,2,18
40,"Austria",7.647493,1,"Malignant neoplasms",2009,8678657,2,18
40,"Austria",7.426286,1,"Malignant neoplasms",2010,8678657,2,18
40,"Austria",7.287396,1,"Malignant neoplasms",2011,8678657,2,18
40,"Austria",7.222276,1,"Malignant neoplasms",2012,8678657,2,18
40,"Austria",7.03429,1,"Malignant neoplasms",2013,8678657,2,18
40,"Austria",7.161898,1,"Malignant neoplasms",2014,8678657,2,18
40,"Austria",7.125121,1,"Malignant neoplasms",2015,,2,18
40,"Austria",7.108719,1,"Malignant neoplasms",2016,,2,18
51,"Armenia",14.17223,1,"Malignant neoplasms",2000,2916950,1,11
51,"Armenia",14.17735,1,"Malignant neoplasms",2001,2916950,1,11
51,"Armenia",13.88706,1,"Malignant neoplasms",2002,2916950,1,11
51,"Armenia",13.95403,1,"Malignant neoplasms",2003,2916950,1,11
51,"Armenia",14.0283,1,"Malignant neoplasms",2004,2916950,1,11
51,"Armenia",14.26467,1,"Malignant neoplasms",2005,2916950,1,11
51,"Armenia",14.40203,1,"Malignant neoplasms",2006,2916950,1,11
51,"Armenia",14.07902,1,"Malignant neoplasms",2007,2916950,1,11
51,"Armenia",14.56243,1,"Malignant neoplasms",2008,2916950,1,11
51,"Armenia",14.78558,1,"Malignant neoplasms",2009,2916950,1,11
51,"Armenia",14.60288,1,"Malignant neoplasms",2010,2916950,1,11
51,"Armenia",14.18481,1,"Malignant neoplasms",2011,2916950,1,11
51,"Armenia",13.40705,1,"Malignant neoplasms",2012,2916950,1,11
51,"Armenia",12.81088,1,"Malignant neoplasms",2013,2916950,1,11
51,"Armenia",12.78296,1,"Malignant neoplasms",2014,2916950,1,11
51,"Armenia",13.75395,1,"Malignant neoplasms",2015,,1,11
51,"Armenia",13.68074,1,"Malignant neoplasms",2016,,1,11
112,"Belarus",11.20926,1,"Malignant neoplasms",2000,9485772,1,6
112,"Belarus",11.19696,1,"Malignant neoplasms",2001,9485772,1,6
112,"Belarus",11.20238,1,"Malignant neoplasms",2002,9485772,1,6
112,"Belarus",10.97679,1,"Malignant neoplasms",2003,9485772,1,6
112,"Belarus",11.01012,1,"Malignant neoplasms",2004,9485772,1,6
112,"Belarus",10.96236,1,"Malignant neoplasms",2005,9485772,1,6
112,"Belarus",10.64664,1,"Malignant neoplasms",2006,9485772,1,6
112,"Belarus",10.34228,1,"Malignant neoplasms",2007,9485772,1,6
112,"Belarus",10.27807,1,"Malignant neoplasms",2008,9485772,1,6
112,"Belarus",10.23395,1,"Malignant neoplasms",2009,9485772,1,6
112,"Belarus",10.10451,1,"Malignant neoplasms",2010,9485772,1,6
112,"Belarus",9.859673,1,"Malignant neoplasms",2011,9485772,1,6
112,"Belarus",9.152193,1,"Malignant neoplasms",2012,9485772,1,6
112,"Belarus",8.911276,1,"Malignant neoplasms",2013,9485772,1,6
112,"Belarus",8.72389,1,"Malignant neoplasms",2014,9485772,1,6
112,"Belarus",8.963596,1,"Malignant neoplasms",2015,,1,6
112,"Belarus",9.035244,1,"Malignant neoplasms",2016,,1,6
208,"Denmark",10.70059,1,"Malignant neoplasms",2000,5688695,2,20
208,"Denmark",10.35227,1,"Malignant neoplasms",2001,5688695,2,20
208,"Denmark",9.981828,1,"Malignant neoplasms",2002,5688695,2,20
208,"Denmark",9.551302,1,"Malignant neoplasms",2003,5688695,2,20
208,"Denmark",9.548837,1,"Malignant neoplasms",2004,5688695,2,20
208,"Denmark",9.36959,1,"Malignant neoplasms",2005,5688695,2,20
208,"Denmark",9.3767,1,"Malignant neoplasms",2006,5688695,2,20
208,"Denmark",9.313865,1,"Malignant neoplasms",2007,5688695,2,20
208,"Denmark",9.050154,1,"Malignant neoplasms",2008,5688695,2,20
208,"Denmark",8.843789,1,"Malignant neoplasms",2009,5688695,2,20
208,"Denmark",8.67535,1,"Malignant neoplasms",2010,5688695,2,20
208,"Denmark",8.509867,1,"Malignant neoplasms",2011,5688695,2,20
208,"Denmark",8.415897,1,"Malignant neoplasms",2012,5688695,2,20
208,"Denmark",7.988118,1,"Malignant neoplasms",2013,5688695,2,20
208,"Denmark",7.95221,1,"Malignant neoplasms",2014,5688695,2,20
208,"Denmark",7.909168,1,"Malignant neoplasms",2015,,2,20
208,"Denmark",7.654242,1,"Malignant neoplasms",2016,,2,20
246,"Finland",6.673717,1,"Malignant neoplasms",2000,5481966,2,13
246,"Finland",6.559217,1,"Malignant neoplasms",2001,5481966,2,13
246,"Finland",6.405398,1,"Malignant neoplasms",2002,5481966,2,13
246,"Finland",6.448633,1,"Malignant neoplasms",2003,5481966,2,13
246,"Finland",6.466665,1,"Malignant neoplasms",2004,5481966,2,13
246,"Finland",6.33763,1,"Malignant neoplasms",2005,5481966,2,13
246,"Finland",6.288571,1,"Malignant neoplasms",2006,5481966,2,13
246,"Finland",6.262088,1,"Malignant neoplasms",2007,5481966,2,13
246,"Finland",6.137439,1,"Malignant neoplasms",2008,5481966,2,13
246,"Finland",6.113762,1,"Malignant neoplasms",2009,5481966,2,13
246,"Finland",6.13225,1,"Malignant neoplasms",2010,5481966,2,13
246,"Finland",6.01559,1,"Malignant neoplasms",2011,5481966,2,13
246,"Finland",5.9718,1,"Malignant neoplasms",2012,5481966,2,13
246,"Finland",5.869387,1,"Malignant neoplasms",2013,5481966,2,13
246,"Finland",5.598789,1,"Malignant neoplasms",2014,5481966,2,13
246,"Finland",5.876167,1,"Malignant neoplasms",2015,,2,13
246,"Finland",5.738445,1,"Malignant neoplasms",2016,,2,13
250,"France",9.389569,1,"Malignant neoplasms",2000,64457201,2,21
250,"France",9.26795,1,"Malignant neoplasms",2001,64457201,2,21
250,"France",9.228991,1,"Malignant neoplasms",2002,64457201,2,21
250,"France",9.125927,1,"Malignant neoplasms",2003,64457201,2,21
250,"France",8.927507,1,"Malignant neoplasms",2004,64457201,2,21
250,"France",8.862327,1,"Malignant neoplasms",2005,64457201,2,21
250,"France",8.767633,1,"Malignant neoplasms",2006,64457201,2,21
250,"France",8.658576,1,"Malignant neoplasms",2007,64457201,2,21
250,"France",8.584333,1,"Malignant neoplasms",2008,64457201,2,21
250,"France",8.579769,1,"Malignant neoplasms",2009,64457201,2,21
250,"France",8.505775,1,"Malignant neoplasms",2010,64457201,2,21
250,"France",8.332448,1,"Malignant neoplasms",2011,64457201,2,21
250,"France",8.247234,1,"Malignant neoplasms",2012,64457201,2,21
250,"France",8.117789,1,"Malignant neoplasms",2013,64457201,2,21
250,"France",7.979936,1,"Malignant neoplasms",2014,64457201,2,21
250,"France",8.183212,1,"Malignant neoplasms",2015,,2,21
250,"France",8.067493,1,"Malignant neoplasms",2016,,2,21
276,"Germany",8.835213,1,"Malignant neoplasms",2000,81707789,2,19
276,"Germany",8.560482,1,"Malignant neoplasms",2001,81707789,2,19
276,"Germany",8.460798,1,"Malignant neoplasms",2002,81707789,2,19
276,"Germany",8.338181,1,"Malignant neoplasms",2003,81707789,2,19
276,"Germany",8.182049,1,"Malignant neoplasms",2004,81707789,2,19
276,"Germany",8.073865,1,"Malignant neoplasms",2005,81707789,2,19
276,"Germany",7.97518,1,"Malignant neoplasms",2006,81707789,2,19
276,"Germany",7.934406,1,"Malignant neoplasms",2007,81707789,2,19
276,"Germany",8.063775,1,"Malignant neoplasms",2008,81707789,2,19
276,"Germany",7.976042,1,"Malignant neoplasms",2009,81707789,2,19
276,"Germany",7.822706,1,"Malignant neoplasms",2010,81707789,2,19
276,"Germany",7.742846,1,"Malignant neoplasms",2011,81707789,2,19
276,"Germany",7.548598,1,"Malignant neoplasms",2012,81707789,2,19
276,"Germany",7.518392,1,"Malignant neoplasms",2013,81707789,2,19
276,"Germany",7.29046,1,"Malignant neoplasms",2014,81707789,2,19
276,"Germany",7.632706,1,"Malignant neoplasms",2015,,2,19
276,"Germany",7.403488,1,"Malignant neoplasms",2016,,2,19
380,"Italy",8.165558,1,"Malignant neoplasms",2000,59504212,2,15
380,"Italy",8.034476,1,"Malignant neoplasms",2001,59504212,2,15
380,"Italy",7.874146,1,"Malignant neoplasms",2002,59504212,2,15
380,"Italy",7.823694,1,"Malignant neoplasms",2003,59504212,2,15
380,"Italy",7.607218,1,"Malignant neoplasms",2004,59504212,2,15
380,"Italy",7.375771,1,"Malignant neoplasms",2005,59504212,2,15
380,"Italy",7.354339,1,"Malignant neoplasms",2006,59504212,2,15
380,"Italy",7.322195,1,"Malignant neoplasms",2007,59504212,2,15
380,"Italy",7.201284,1,"Malignant neoplasms",2008,59504212,2,15
380,"Italy",7.124773,1,"Malignant neoplasms",2009,59504212,2,15
380,"Italy",6.884966,1,"Malignant neoplasms",2010,59504212,2,15
380,"Italy",6.799354,1,"Malignant neoplasms",2011,59504212,2,15
380,"Italy",6.713612,1,"Malignant neoplasms",2012,59504212,2,15
380,"Italy",6.509235,1,"Malignant neoplasms",2013,59504212,2,15
380,"Italy",6.461839,1,"Malignant neoplasms",2014,59504212,2,15
380,"Italy",6.625528,1,"Malignant neoplasms",2015,,2,15
380,"Italy",6.499616,1,"Malignant neoplasms",2016,,2,15
398,"Kazakhstan",13.92336,1,"Malignant neoplasms",2000,17749648,1,7
398,"Kazakhstan",13.6541,1,"Malignant neoplasms",2001,17749648,1,7
398,"Kazakhstan",13.40587,1,"Malignant neoplasms",2002,17749648,1,7
398,"Kazakhstan",13.24232,1,"Malignant neoplasms",2003,17749648,1,7
398,"Kazakhstan",13.2101,1,"Malignant neoplasms",2004,17749648,1,7
398,"Kazakhstan",13.15922,1,"Malignant neoplasms",2005,17749648,1,7
398,"Kazakhstan",12.94301,1,"Malignant neoplasms",2006,17749648,1,7
398,"Kazakhstan",12.57366,1,"Malignant neoplasms",2007,17749648,1,7
398,"Kazakhstan",11.9931,1,"Malignant neoplasms",2008,17749648,1,7
398,"Kazakhstan",11.48625,1,"Malignant neoplasms",2009,17749648,1,7
398,"Kazakhstan",11.02521,1,"Malignant neoplasms",2010,17749648,1,7
398,"Kazakhstan",10.54684,1,"Malignant neoplasms",2011,17749648,1,7
398,"Kazakhstan",10.11399,1,"Malignant neoplasms",2012,17749648,1,7
398,"Kazakhstan",9.618589,1,"Malignant neoplasms",2013,17749648,1,7
398,"Kazakhstan",9.172433,1,"Malignant neoplasms",2014,17749648,1,7
398,"Kazakhstan",9.190137,1,"Malignant neoplasms",2015,,1,7
398,"Kazakhstan",9.290615,1,"Malignant neoplasms",2016,,1,7
417,"Kyrgyzstan",6.961938,1,"Malignant neoplasms",2000,5865401,1,3
417,"Kyrgyzstan",6.588379,1,"Malignant neoplasms",2001,5865401,1,3
417,"Kyrgyzstan",6.679668,1,"Malignant neoplasms",2002,5865401,1,3
417,"Kyrgyzstan",7.206602,1,"Malignant neoplasms",2003,5865401,1,3
417,"Kyrgyzstan",7.026162,1,"Malignant neoplasms",2004,5865401,1,3
417,"Kyrgyzstan",7.06294,1,"Malignant neoplasms",2005,5865401,1,3
417,"Kyrgyzstan",7.174466,1,"Malignant neoplasms",2006,5865401,1,3
417,"Kyrgyzstan",6.755493,1,"Malignant neoplasms",2007,5865401,1,3
417,"Kyrgyzstan",6.817499,1,"Malignant neoplasms",2008,5865401,1,3
417,"Kyrgyzstan",7.446961,1,"Malignant neoplasms",2009,5865401,1,3
417,"Kyrgyzstan",6.695948,1,"Malignant neoplasms",2010,5865401,1,3
417,"Kyrgyzstan",6.694843,1,"Malignant neoplasms",2011,5865401,1,3
417,"Kyrgyzstan",6.258732,1,"Malignant neoplasms",2012,5865401,1,3
417,"Kyrgyzstan",6.626487,1,"Malignant neoplasms",2013,5865401,1,3
417,"Kyrgyzstan",7.140839,1,"Malignant neoplasms",2014,5865401,1,3
417,"Kyrgyzstan",6.753789,1,"Malignant neoplasms",2015,,1,3
417,"Kyrgyzstan",6.39255,1,"Malignant neoplasms",2016,,1,3
498,"Republic of Moldova",9.272471,1,"Malignant neoplasms",2000,4065980,1,8
498,"Republic of Moldova",9.053191,1,"Malignant neoplasms",2001,4065980,1,8
498,"Republic of Moldova",9.347321,1,"Malignant neoplasms",2002,4065980,1,8
498,"Republic of Moldova",9.374506,1,"Malignant neoplasms",2003,4065980,1,8
498,"Republic of Moldova",9.532851,1,"Malignant neoplasms",2004,4065980,1,8
498,"Republic of Moldova",9.640643,1,"Malignant neoplasms",2005,4065980,1,8
498,"Republic of Moldova",9.812799,1,"Malignant neoplasms",2006,4065980,1,8
498,"Republic of Moldova",9.615002,1,"Malignant neoplasms",2007,4065980,1,8
498,"Republic of Moldova",9.78018,1,"Malignant neoplasms",2008,4065980,1,8
498,"Republic of Moldova",10.09648,1,"Malignant neoplasms",2009,4065980,1,8
498,"Republic of Moldova",9.743157,1,"Malignant neoplasms",2010,4065980,1,8
498,"Republic of Moldova",9.431245,1,"Malignant neoplasms",2011,4065980,1,8
498,"Republic of Moldova",9.334909,1,"Malignant neoplasms",2012,4065980,1,8
498,"Republic of Moldova",9.243731,1,"Malignant neoplasms",2013,4065980,1,8
498,"Republic of Moldova",9.65006,1,"Malignant neoplasms",2014,4065980,1,8
498,"Republic of Moldova",9.695844,1,"Malignant neoplasms",2015,,1,8
498,"Republic of Moldova",9.576968,1,"Malignant neoplasms",2016,,1,8
528,"Netherlands",9.387392,1,"Malignant neoplasms",2000,16938499,2,22
528,"Netherlands",9.204251,1,"Malignant neoplasms",2001,16938499,2,22
528,"Netherlands",9.176318,1,"Malignant neoplasms",2002,16938499,2,22
528,"Netherlands",8.897187,1,"Malignant neoplasms",2003,16938499,2,22
528,"Netherlands",8.984384,1,"Malignant neoplasms",2004,16938499,2,22
528,"Netherlands",8.694355,1,"Malignant neoplasms",2005,16938499,2,22
528,"Netherlands",8.566772,1,"Malignant neoplasms",2006,16938499,2,22
528,"Netherlands",8.458417,1,"Malignant neoplasms",2007,16938499,2,22
528,"Netherlands",8.59978,1,"Malignant neoplasms",2008,16938499,2,22
528,"Netherlands",8.461259,1,"Malignant neoplasms",2009,16938499,2,22
528,"Netherlands",8.44083,1,"Malignant neoplasms",2010,16938499,2,22
528,"Netherlands",8.246923,1,"Malignant neoplasms",2011,16938499,2,22
528,"Netherlands",8.177416,1,"Malignant neoplasms",2012,16938499,2,22
528,"Netherlands",7.900462,1,"Malignant neoplasms",2013,16938499,2,22
528,"Netherlands",7.728132,1,"Malignant neoplasms",2014,16938499,2,22
528,"Netherlands",8.057945,1,"Malignant neoplasms",2015,,2,22
528,"Netherlands",8.072394,1,"Malignant neoplasms",2016,,2,22
578,"Norway",8.114425,1,"Malignant neoplasms",2000,5199836,2,14
578,"Norway",8.028063,1,"Malignant neoplasms",2001,5199836,2,14
578,"Norway",8.122533,1,"Malignant neoplasms",2002,5199836,2,14
578,"Norway",7.767928,1,"Malignant neoplasms",2003,5199836,2,14
578,"Norway",7.627532,1,"Malignant neoplasms",2004,5199836,2,14
578,"Norway",7.538746,1,"Malignant neoplasms",2005,5199836,2,14
578,"Norway",7.377431,1,"Malignant neoplasms",2006,5199836,2,14
578,"Norway",7.458806,1,"Malignant neoplasms",2007,5199836,2,14
578,"Norway",7.205369,1,"Malignant neoplasms",2008,5199836,2,14
578,"Norway",7.056135,1,"Malignant neoplasms",2009,5199836,2,14
578,"Norway",7.292284,1,"Malignant neoplasms",2010,5199836,2,14
578,"Norway",6.921669,1,"Malignant neoplasms",2011,5199836,2,14
578,"Norway",6.657703,1,"Malignant neoplasms",2012,5199836,2,14
578,"Norway",6.747212,1,"Malignant neoplasms",2013,5199836,2,14
578,"Norway",6.397165,1,"Malignant neoplasms",2014,5199836,2,14
578,"Norway",6.195489,1,"Malignant neoplasms",2015,,2,14
578,"Norway",6.047329,1,"Malignant neoplasms",2016,,2,14
643,"Russian Federation",13.04958,1,"Malignant neoplasms",2000,143900000,1,10
643,"Russian Federation",12.80536,1,"Malignant neoplasms",2001,143900000,1,10
643,"Russian Federation",12.81108,1,"Malignant neoplasms",2002,143900000,1,10
643,"Russian Federation",12.83157,1,"Malignant neoplasms",2003,143900000,1,10
643,"Russian Federation",12.75344,1,"Malignant neoplasms",2004,143900000,1,10
643,"Russian Federation",12.75951,1,"Malignant neoplasms",2005,143900000,1,10
643,"Russian Federation",12.11829,1,"Malignant neoplasms",2006,143900000,1,10
643,"Russian Federation",12.00892,1,"Malignant neoplasms",2007,143900000,1,10
643,"Russian Federation",12.10589,1,"Malignant neoplasms",2008,143900000,1,10
643,"Russian Federation",11.53781,1,"Malignant neoplasms",2009,143900000,1,10
643,"Russian Federation",11.16438,1,"Malignant neoplasms",2010,143900000,1,10
643,"Russian Federation",10.66353,1,"Malignant neoplasms",2011,143900000,1,10
643,"Russian Federation",10.33019,1,"Malignant neoplasms",2012,143900000,1,10
643,"Russian Federation",10.46468,1,"Malignant neoplasms",2013,143900000,1,10
643,"Russian Federation",10.79145,1,"Malignant neoplasms",2014,143900000,1,10
643,"Russian Federation",11.10012,1,"Malignant neoplasms",2015,,1,10
643,"Russian Federation",11.36525,1,"Malignant neoplasms",2016,,1,10
724,"Spain",8.10745,1,"Malignant neoplasms",2000,46397664,2,16
724,"Spain",8.105422,1,"Malignant neoplasms",2001,46397664,2,16
724,"Spain",7.946473,1,"Malignant neoplasms",2002,46397664,2,16
724,"Spain",7.929559,1,"Malignant neoplasms",2003,46397664,2,16
724,"Spain",7.77941,1,"Malignant neoplasms",2004,46397664,2,16
724,"Spain",7.567548,1,"Malignant neoplasms",2005,46397664,2,16
724,"Spain",7.408265,1,"Malignant neoplasms",2006,46397664,2,16
724,"Spain",7.268392,1,"Malignant neoplasms",2007,46397664,2,16
724,"Spain",7.122038,1,"Malignant neoplasms",2008,46397664,2,16
724,"Spain",7.194988,1,"Malignant neoplasms",2009,46397664,2,16
724,"Spain",7.142768,1,"Malignant neoplasms",2010,46397664,2,16
724,"Spain",7.116203,1,"Malignant neoplasms",2011,46397664,2,16
724,"Spain",7.108484,1,"Malignant neoplasms",2012,46397664,2,16
724,"Spain",6.959552,1,"Malignant neoplasms",2013,46397664,2,16
724,"Spain",6.793595,1,"Malignant neoplasms",2014,46397664,2,16
724,"Spain",6.891317,1,"Malignant neoplasms",2015,,2,16
724,"Spain",6.82594,1,"Malignant neoplasms",2016,,2,16
752,"Sweden",7.083601,1,"Malignant neoplasms",2000,9763565,2,12
752,"Sweden",6.96787,1,"Malignant neoplasms",2001,9763565,2,12
752,"Sweden",6.838151,1,"Malignant neoplasms",2002,9763565,2,12
752,"Sweden",6.817047,1,"Malignant neoplasms",2003,9763565,2,12
752,"Sweden",6.917369,1,"Malignant neoplasms",2004,9763565,2,12
752,"Sweden",6.965409,1,"Malignant neoplasms",2005,9763565,2,12
752,"Sweden",6.650849,1,"Malignant neoplasms",2006,9763565,2,12
752,"Sweden",6.533195,1,"Malignant neoplasms",2007,9763565,2,12
752,"Sweden",6.477602,1,"Malignant neoplasms",2008,9763565,2,12
752,"Sweden",6.284239,1,"Malignant neoplasms",2009,9763565,2,12
752,"Sweden",6.248715,1,"Malignant neoplasms",2010,9763565,2,12
752,"Sweden",6.133094,1,"Malignant neoplasms",2011,9763565,2,12
752,"Sweden",5.874904,1,"Malignant neoplasms",2012,9763565,2,12
752,"Sweden",5.913036,1,"Malignant neoplasms",2013,9763565,2,12
752,"Sweden",5.763303,1,"Malignant neoplasms",2014,9763565,2,12
752,"Sweden",5.676963,1,"Malignant neoplasms",2015,,2,12
752,"Sweden",5.586017,1,"Malignant neoplasms",2016,,2,12
762,"Tajikistan",7.139535,1,"Malignant neoplasms",2000,8548651,1,2
762,"Tajikistan",7.152637,1,"Malignant neoplasms",2001,8548651,1,2
762,"Tajikistan",7.149533,1,"Malignant neoplasms",2002,8548651,1,2
762,"Tajikistan",7.090145,1,"Malignant neoplasms",2003,8548651,1,2
762,"Tajikistan",7.02492,1,"Malignant neoplasms",2004,8548651,1,2
762,"Tajikistan",6.96557,1,"Malignant neoplasms",2005,8548651,1,2
762,"Tajikistan",6.777664,1,"Malignant neoplasms",2006,8548651,1,2
762,"Tajikistan",6.651265,1,"Malignant neoplasms",2007,8548651,1,2
762,"Tajikistan",6.608421,1,"Malignant neoplasms",2008,8548651,1,2
762,"Tajikistan",6.537497,1,"Malignant neoplasms",2009,8548651,1,2
762,"Tajikistan",6.465235,1,"Malignant neoplasms",2010,8548651,1,2
762,"Tajikistan",6.388016,1,"Malignant neoplasms",2011,8548651,1,2
762,"Tajikistan",6.140426,1,"Malignant neoplasms",2012,8548651,1,2
762,"Tajikistan",5.844683,1,"Malignant neoplasms",2013,8548651,1,2
762,"Tajikistan",5.738805,1,"Malignant neoplasms",2014,8548651,1,2
762,"Tajikistan",5.627885,1,"Malignant neoplasms",2015,,1,2
762,"Tajikistan",5.621235,1,"Malignant neoplasms",2016,,1,2
795,"Turkmenistan",10.06267,1,"Malignant neoplasms",2000,5565284,1,4
795,"Turkmenistan",9.682167,1,"Malignant neoplasms",2001,5565284,1,4
795,"Turkmenistan",9.292448,1,"Malignant neoplasms",2002,5565284,1,4
795,"Turkmenistan",9.029311,1,"Malignant neoplasms",2003,5565284,1,4
795,"Turkmenistan",8.848526,1,"Malignant neoplasms",2004,5565284,1,4
795,"Turkmenistan",8.664974,1,"Malignant neoplasms",2005,5565284,1,4
795,"Turkmenistan",8.592374,1,"Malignant neoplasms",2006,5565284,1,4
795,"Turkmenistan",8.57649,1,"Malignant neoplasms",2007,5565284,1,4
795,"Turkmenistan",8.534619,1,"Malignant neoplasms",2008,5565284,1,4
795,"Turkmenistan",8.643721,1,"Malignant neoplasms",2009,5565284,1,4
795,"Turkmenistan",8.633447,1,"Malignant neoplasms",2010,5565284,1,4
795,"Turkmenistan",8.503823,1,"Malignant neoplasms",2011,5565284,1,4
795,"Turkmenistan",8.363379,1,"Malignant neoplasms",2012,5565284,1,4
795,"Turkmenistan",8.227679,1,"Malignant neoplasms",2013,5565284,1,4
795,"Turkmenistan",8.083008,1,"Malignant neoplasms",2014,5565284,1,4
795,"Turkmenistan",7.908964,1,"Malignant neoplasms",2015,,1,4
795,"Turkmenistan",7.760419,1,"Malignant neoplasms",2016,,1,4
804,"Ukraine",12.14948,1,"Malignant neoplasms",2000,44657704,1,9
804,"Ukraine",11.73403,1,"Malignant neoplasms",2001,44657704,1,9
804,"Ukraine",11.54867,1,"Malignant neoplasms",2002,44657704,1,9
804,"Ukraine",11.52605,1,"Malignant neoplasms",2003,44657704,1,9
804,"Ukraine",11.71153,1,"Malignant neoplasms",2004,44657704,1,9
804,"Ukraine",11.87477,1,"Malignant neoplasms",2005,44657704,1,9
804,"Ukraine",11.36991,1,"Malignant neoplasms",2006,44657704,1,9
804,"Ukraine",11.54234,1,"Malignant neoplasms",2007,44657704,1,9
804,"Ukraine",11.46072,1,"Malignant neoplasms",2008,44657704,1,9
804,"Ukraine",10.49104,1,"Malignant neoplasms",2009,44657704,1,9
804,"Ukraine",9.971507,1,"Malignant neoplasms",2010,44657704,1,9
804,"Ukraine",9.592971,1,"Malignant neoplasms",2011,44657704,1,9
804,"Ukraine",9.703388,1,"Malignant neoplasms",2012,44657704,1,9
804,"Ukraine",9.738859,1,"Malignant neoplasms",2013,44657704,1,9
804,"Ukraine",9.385728,1,"Malignant neoplasms",2014,44657704,1,9
804,"Ukraine",9.818255,1,"Malignant neoplasms",2015,,1,9
804,"Ukraine",10.00702,1,"Malignant neoplasms",2016,,1,9
826,"UK",8.564122,1,"Malignant neoplasms",2000,65397080,2,17
826,"UK",8.476353,1,"Malignant neoplasms",2001,65397080,2,17
826,"UK",8.438424,1,"Malignant neoplasms",2002,65397080,2,17
826,"UK",8.231666,1,"Malignant neoplasms",2003,65397080,2,17
826,"UK",8.103854,1,"Malignant neoplasms",2004,65397080,2,17
826,"UK",7.951038,1,"Malignant neoplasms",2005,65397080,2,17
826,"UK",7.850809,1,"Malignant neoplasms",2006,65397080,2,17
826,"UK",7.752152,1,"Malignant neoplasms",2007,65397080,2,17
826,"UK",7.585838,1,"Malignant neoplasms",2008,65397080,2,17
826,"UK",7.383912,1,"Malignant neoplasms",2009,65397080,2,17
826,"UK",7.198496,1,"Malignant neoplasms",2010,65397080,2,17
826,"UK",7.15088,1,"Malignant neoplasms",2011,65397080,2,17
826,"UK",7.0759,1,"Malignant neoplasms",2012,65397080,2,17
826,"UK",6.940082,1,"Malignant neoplasms",2013,65397080,2,17
826,"UK",6.804915,1,"Malignant neoplasms",2014,65397080,2,17
826,"UK",6.988957,1,"Malignant neoplasms",2015,,2,17
826,"UK",6.872007,1,"Malignant neoplasms",2016,,2,17
860,"Uzbekistan",5.080994,1,"Malignant neoplasms",2000,30976021,1,1
860,"Uzbekistan",4.890965,1,"Malignant neoplasms",2001,30976021,1,1
860,"Uzbekistan",4.778787,1,"Malignant neoplasms",2002,30976021,1,1
860,"Uzbekistan",4.840723,1,"Malignant neoplasms",2003,30976021,1,1
860,"Uzbekistan",4.869783,1,"Malignant neoplasms",2004,30976021,1,1
860,"Uzbekistan",5.004552,1,"Malignant neoplasms",2005,30976021,1,1
860,"Uzbekistan",5.015055,1,"Malignant neoplasms",2006,30976021,1,1
860,"Uzbekistan",4.845778,1,"Malignant neoplasms",2007,30976021,1,1
860,"Uzbekistan",4.689306,1,"Malignant neoplasms",2008,30976021,1,1
860,"Uzbekistan",4.550768,1,"Malignant neoplasms",2009,30976021,1,1
860,"Uzbekistan",4.403333,1,"Malignant neoplasms",2010,30976021,1,1
860,"Uzbekistan",4.59906,1,"Malignant neoplasms",2011,30976021,1,1
860,"Uzbekistan",4.511159,1,"Malignant neoplasms",2012,30976021,1,1
860,"Uzbekistan",4.560907,1,"Malignant neoplasms",2013,30976021,1,1
860,"Uzbekistan",4.762842,1,"Malignant neoplasms",2014,30976021,1,1
860,"Uzbekistan",4.464132,1,"Malignant neoplasms",2015,,1,1
860,"Uzbekistan",4.461325,1,"Malignant neoplasms",2016,,1,1
31,"Azerbaijan",20.24124,2,"Cardiovascular diseases",2000,9617484,1,5
31,"Azerbaijan",19.20366,2,"Cardiovascular diseases",2001,9617484,1,5
31,"Azerbaijan",19.14475,2,"Cardiovascular diseases",2002,9617484,1,5
31,"Azerbaijan",19.83755,2,"Cardiovascular diseases",2003,9617484,1,5
31,"Azerbaijan",19.6288,2,"Cardiovascular diseases",2004,9617484,1,5
31,"Azerbaijan",19.94993,2,"Cardiovascular diseases",2005,9617484,1,5
31,"Azerbaijan",19.29944,2,"Cardiovascular diseases",2006,9617484,1,5
31,"Azerbaijan",17.21611,2,"Cardiovascular diseases",2007,9617484,1,5
31,"Azerbaijan",18.0024,2,"Cardiovascular diseases",2008,9617484,1,5
31,"Azerbaijan",16.66585,2,"Cardiovascular diseases",2009,9617484,1,5
31,"Azerbaijan",15.79269,2,"Cardiovascular diseases",2010,9617484,1,5
31,"Azerbaijan",14.77391,2,"Cardiovascular diseases",2011,9617484,1,5
31,"Azerbaijan",15.10679,2,"Cardiovascular diseases",2012,9617484,1,5
31,"Azerbaijan",14.9486,2,"Cardiovascular diseases",2013,9617484,1,5
31,"Azerbaijan",14.63524,2,"Cardiovascular diseases",2014,9617484,1,5
31,"Azerbaijan",14.3248,2,"Cardiovascular diseases",2015,,1,5
31,"Azerbaijan",13.95644,2,"Cardiovascular diseases",2016,,1,5
40,"Austria",6.732221,2,"Cardiovascular diseases",2000,8678657,2,18
40,"Austria",6.329548,2,"Cardiovascular diseases",2001,8678657,2,18
40,"Austria",5.387971,2,"Cardiovascular diseases",2002,8678657,2,18
40,"Austria",4.694554,2,"Cardiovascular diseases",2003,8678657,2,18
40,"Austria",4.203456,2,"Cardiovascular diseases",2004,8678657,2,18
40,"Austria",4.286043,2,"Cardiovascular diseases",2005,8678657,2,18
40,"Austria",4.153735,2,"Cardiovascular diseases",2006,8678657,2,18
40,"Austria",4.10281,2,"Cardiovascular diseases",2007,8678657,2,18
40,"Austria",3.928415,2,"Cardiovascular diseases",2008,8678657,2,18
40,"Austria",4.061351,2,"Cardiovascular diseases",2009,8678657,2,18
40,"Austria",3.998505,2,"Cardiovascular diseases",2010,8678657,2,18
40,"Austria",3.783387,2,"Cardiovascular diseases",2011,8678657,2,18
40,"Austria",3.546922,2,"Cardiovascular diseases",2012,8678657,2,18
40,"Austria",3.650215,2,"Cardiovascular diseases",2013,8678657,2,18
40,"Austria",3.511864,2,"Cardiovascular diseases",2014,8678657,2,18
40,"Austria",3.687459,2,"Cardiovascular diseases",2015,,2,18
40,"Austria",3.564928,2,"Cardiovascular diseases",2016,,2,18
51,"Armenia",12.82087,2,"Cardiovascular diseases",2000,2916950,1,11
51,"Armenia",12.35117,2,"Cardiovascular diseases",2001,2916950,1,11
51,"Armenia",12.20209,2,"Cardiovascular diseases",2002,2916950,1,11
51,"Armenia",11.88193,2,"Cardiovascular diseases",2003,2916950,1,11
51,"Armenia",11.88518,2,"Cardiovascular diseases",2004,2916950,1,11
51,"Armenia",11.49276,2,"Cardiovascular diseases",2005,2916950,1,11
51,"Armenia",11.89466,2,"Cardiovascular diseases",2006,2916950,1,11
51,"Armenia",10.50861,2,"Cardiovascular diseases",2007,2916950,1,11
51,"Armenia",11.94923,2,"Cardiovascular diseases",2008,2916950,1,11
51,"Armenia",11.49974,2,"Cardiovascular diseases",2009,2916950,1,11
51,"Armenia",10.69366,2,"Cardiovascular diseases",2010,2916950,1,11
51,"Armenia",9.763968,2,"Cardiovascular diseases",2011,2916950,1,11
51,"Armenia",9.707078,2,"Cardiovascular diseases",2012,2916950,1,11
51,"Armenia",9.298717,2,"Cardiovascular diseases",2013,2916950,1,11
51,"Armenia",9.020634,2,"Cardiovascular diseases",2014,2916950,1,11
51,"Armenia",9.194704,2,"Cardiovascular diseases",2015,,1,11
51,"Armenia",8.6286,2,"Cardiovascular diseases",2016,,1,11
112,"Belarus",23.48765,2,"Cardiovascular diseases",2000,9485772,1,6
112,"Belarus",24.91753,2,"Cardiovascular diseases",2001,9485772,1,6
112,"Belarus",26.10198,2,"Cardiovascular diseases",2002,9485772,1,6
112,"Belarus",25.28775,2,"Cardiovascular diseases",2003,9485772,1,6
112,"Belarus",24.57974,2,"Cardiovascular diseases",2004,9485772,1,6
112,"Belarus",25.0717,2,"Cardiovascular diseases",2005,9485772,1,6
112,"Belarus",23.78476,2,"Cardiovascular diseases",2006,9485772,1,6
112,"Belarus",22.25062,2,"Cardiovascular diseases",2007,9485772,1,6
112,"Belarus",22.51911,2,"Cardiovascular diseases",2008,9485772,1,6
112,"Belarus",22.3233,2,"Cardiovascular diseases",2009,9485772,1,6
112,"Belarus",22.21247,2,"Cardiovascular diseases",2010,9485772,1,6
112,"Belarus",21.66004,2,"Cardiovascular diseases",2011,9485772,1,6
112,"Belarus",18.54905,2,"Cardiovascular diseases",2012,9485772,1,6
112,"Belarus",17.69451,2,"Cardiovascular diseases",2013,9485772,1,6
112,"Belarus",17.34332,2,"Cardiovascular diseases",2014,9485772,1,6
112,"Belarus",17.76168,2,"Cardiovascular diseases",2015,,1,6
112,"Belarus",16.76394,2,"Cardiovascular diseases",2016,,1,6
208,"Denmark",6.024993,2,"Cardiovascular diseases",2000,5688695,2,20
208,"Denmark",6.039032,2,"Cardiovascular diseases",2001,5688695,2,20
208,"Denmark",5.751995,2,"Cardiovascular diseases",2002,5688695,2,20
208,"Denmark",5.526472,2,"Cardiovascular diseases",2003,5688695,2,20
208,"Denmark",5.072277,2,"Cardiovascular diseases",2004,5688695,2,20
208,"Denmark",4.538908,2,"Cardiovascular diseases",2005,5688695,2,20
208,"Denmark",4.53977,2,"Cardiovascular diseases",2006,5688695,2,20
208,"Denmark",4.121325,2,"Cardiovascular diseases",2007,5688695,2,20
208,"Denmark",3.871344,2,"Cardiovascular diseases",2008,5688695,2,20
208,"Denmark",3.745738,2,"Cardiovascular diseases",2009,5688695,2,20
208,"Denmark",3.476391,2,"Cardiovascular diseases",2010,5688695,2,20
208,"Denmark",3.284731,2,"Cardiovascular diseases",2011,5688695,2,20
208,"Denmark",3.103296,2,"Cardiovascular diseases",2012,5688695,2,20
208,"Denmark",3.027493,2,"Cardiovascular diseases",2013,5688695,2,20
208,"Denmark",2.889452,2,"Cardiovascular diseases",2014,5688695,2,20
208,"Denmark",2.998166,2,"Cardiovascular diseases",2015,,2,20
208,"Denmark",2.811044,2,"Cardiovascular diseases",2016,,2,20
246,"Finland",7.673224,2,"Cardiovascular diseases",2000,5481966,2,13
246,"Finland",6.880877,2,"Cardiovascular diseases",2001,5481966,2,13
246,"Finland",6.745578,2,"Cardiovascular diseases",2002,5481966,2,13
246,"Finland",6.561507,2,"Cardiovascular diseases",2003,5481966,2,13
246,"Finland",6.561423,2,"Cardiovascular diseases",2004,5481966,2,13
246,"Finland",6.200321,2,"Cardiovascular diseases",2005,5481966,2,13
246,"Finland",5.963799,2,"Cardiovascular diseases",2006,5481966,2,13
246,"Finland",5.991086,2,"Cardiovascular diseases",2007,5481966,2,13
246,"Finland",5.730367,2,"Cardiovascular diseases",2008,5481966,2,13
246,"Finland",5.622975,2,"Cardiovascular diseases",2009,5481966,2,13
246,"Finland",5.326756,2,"Cardiovascular diseases",2010,5481966,2,13
246,"Finland",5.087968,2,"Cardiovascular diseases",2011,5481966,2,13
246,"Finland",4.844255,2,"Cardiovascular diseases",2012,5481966,2,13
246,"Finland",4.65012,2,"Cardiovascular diseases",2013,5481966,2,13
246,"Finland",4.510271,2,"Cardiovascular diseases",2014,5481966,2,13
246,"Finland",4.503373,2,"Cardiovascular diseases",2015,,2,13
246,"Finland",4.358643,2,"Cardiovascular diseases",2016,,2,13
250,"France",3.904812,2,"Cardiovascular diseases",2000,64457201,2,21
250,"France",3.78366,2,"Cardiovascular diseases",2001,64457201,2,21
250,"France",3.662088,2,"Cardiovascular diseases",2002,64457201,2,21
250,"France",3.598087,2,"Cardiovascular diseases",2003,64457201,2,21
250,"France",3.280858,2,"Cardiovascular diseases",2004,64457201,2,21
250,"France",3.258463,2,"Cardiovascular diseases",2005,64457201,2,21
250,"France",3.121843,2,"Cardiovascular diseases",2006,64457201,2,21
250,"France",3.037173,2,"Cardiovascular diseases",2007,64457201,2,21
250,"France",2.981045,2,"Cardiovascular diseases",2008,64457201,2,21
250,"France",2.911167,2,"Cardiovascular diseases",2009,64457201,2,21
250,"France",2.817734,2,"Cardiovascular diseases",2010,64457201,2,21
250,"France",2.676488,2,"Cardiovascular diseases",2011,64457201,2,21
250,"France",2.632754,2,"Cardiovascular diseases",2012,64457201,2,21
250,"France",2.556163,2,"Cardiovascular diseases",2013,64457201,2,21
250,"France",2.445985,2,"Cardiovascular diseases",2014,64457201,2,21
250,"France",2.401434,2,"Cardiovascular diseases",2015,,2,21
250,"France",2.327065,2,"Cardiovascular diseases",2016,,2,21
276,"Germany",6.72868,2,"Cardiovascular diseases",2000,81707789,2,19
276,"Germany",6.44582,2,"Cardiovascular diseases",2001,81707789,2,19
276,"Germany",6.202177,2,"Cardiovascular diseases",2002,81707789,2,19
276,"Germany",6.014905,2,"Cardiovascular diseases",2003,81707789,2,19
276,"Germany",5.583601,2,"Cardiovascular diseases",2004,81707789,2,19
276,"Germany",5.37008,2,"Cardiovascular diseases",2005,81707789,2,19
276,"Germany",5.112354,2,"Cardiovascular diseases",2006,81707789,2,19
276,"Germany",5.020733,2,"Cardiovascular diseases",2007,81707789,2,19
276,"Germany",4.793522,2,"Cardiovascular diseases",2008,81707789,2,19
276,"Germany",4.704468,2,"Cardiovascular diseases",2009,81707789,2,19
276,"Germany",4.50309,2,"Cardiovascular diseases",2010,81707789,2,19
276,"Germany",4.21763,2,"Cardiovascular diseases",2011,81707789,2,19
276,"Germany",4.154932,2,"Cardiovascular diseases",2012,81707789,2,19
276,"Germany",4.153574,2,"Cardiovascular diseases",2013,81707789,2,19
276,"Germany",3.996374,2,"Cardiovascular diseases",2014,81707789,2,19
276,"Germany",4.262228,2,"Cardiovascular diseases",2015,,2,19
276,"Germany",4.016975,2,"Cardiovascular diseases",2016,,2,19
380,"Italy",4.701998,2,"Cardiovascular diseases",2000,59504212,2,15
380,"Italy",4.477803,2,"Cardiovascular diseases",2001,59504212,2,15
380,"Italy",4.238143,2,"Cardiovascular diseases",2002,59504212,2,15
380,"Italy",4.050341,2,"Cardiovascular diseases",2003,59504212,2,15
380,"Italy",3.664932,2,"Cardiovascular diseases",2004,59504212,2,15
380,"Italy",3.582268,2,"Cardiovascular diseases",2005,59504212,2,15
380,"Italy",3.376003,2,"Cardiovascular diseases",2006,59504212,2,15
380,"Italy",3.275625,2,"Cardiovascular diseases",2007,59504212,2,15
380,"Italy",3.198384,2,"Cardiovascular diseases",2008,59504212,2,15
380,"Italy",3.121776,2,"Cardiovascular diseases",2009,59504212,2,15
380,"Italy",2.918903,2,"Cardiovascular diseases",2010,59504212,2,15
380,"Italy",2.911902,2,"Cardiovascular diseases",2011,59504212,2,15
380,"Italy",2.856882,2,"Cardiovascular diseases",2012,59504212,2,15
380,"Italy",2.729522,2,"Cardiovascular diseases",2013,59504212,2,15
380,"Italy",2.678371,2,"Cardiovascular diseases",2014,59504212,2,15
380,"Italy",2.857501,2,"Cardiovascular diseases",2015,,2,15
380,"Italy",2.728941,2,"Cardiovascular diseases",2016,,2,15
398,"Kazakhstan",26.37804,2,"Cardiovascular diseases",2000,17749648,1,7
398,"Kazakhstan",25.91845,2,"Cardiovascular diseases",2001,17749648,1,7
398,"Kazakhstan",25.88489,2,"Cardiovascular diseases",2002,17749648,1,7
398,"Kazakhstan",27.40812,2,"Cardiovascular diseases",2003,17749648,1,7
398,"Kazakhstan",26.62529,2,"Cardiovascular diseases",2004,17749648,1,7
398,"Kazakhstan",27.07722,2,"Cardiovascular diseases",2005,17749648,1,7
398,"Kazakhstan",26.19326,2,"Cardiovascular diseases",2006,17749648,1,7
398,"Kazakhstan",25.82203,2,"Cardiovascular diseases",2007,17749648,1,7
398,"Kazakhstan",24.30351,2,"Cardiovascular diseases",2008,17749648,1,7
398,"Kazakhstan",22.39968,2,"Cardiovascular diseases",2009,17749648,1,7
398,"Kazakhstan",22.14293,2,"Cardiovascular diseases",2010,17749648,1,7
398,"Kazakhstan",20.71456,2,"Cardiovascular diseases",2011,17749648,1,7
398,"Kazakhstan",19.94307,2,"Cardiovascular diseases",2012,17749648,1,7
398,"Kazakhstan",18.74729,2,"Cardiovascular diseases",2013,17749648,1,7
398,"Kazakhstan",18.878,2,"Cardiovascular diseases",2014,17749648,1,7
398,"Kazakhstan",19.34524,2,"Cardiovascular diseases",2015,,1,7
398,"Kazakhstan",17.9282,2,"Cardiovascular diseases",2016,,1,7
417,"Kyrgyzstan",22.26602,2,"Cardiovascular diseases",2000,5865401,1,3
417,"Kyrgyzstan",21.86225,2,"Cardiovascular diseases",2001,5865401,1,3
417,"Kyrgyzstan",22.69512,2,"Cardiovascular diseases",2002,5865401,1,3
417,"Kyrgyzstan",23.0569,2,"Cardiovascular diseases",2003,5865401,1,3
417,"Kyrgyzstan",22.71939,2,"Cardiovascular diseases",2004,5865401,1,3
417,"Kyrgyzstan",23.66609,2,"Cardiovascular diseases",2005,5865401,1,3
417,"Kyrgyzstan",23.95749,2,"Cardiovascular diseases",2006,5865401,1,3
417,"Kyrgyzstan",24.40754,2,"Cardiovascular diseases",2007,5865401,1,3
417,"Kyrgyzstan",23.21279,2,"Cardiovascular diseases",2008,5865401,1,3
417,"Kyrgyzstan",22.15281,2,"Cardiovascular diseases",2009,5865401,1,3
417,"Kyrgyzstan",20.44244,2,"Cardiovascular diseases",2010,5865401,1,3
417,"Kyrgyzstan",20.59477,2,"Cardiovascular diseases",2011,5865401,1,3
417,"Kyrgyzstan",19.42142,2,"Cardiovascular diseases",2012,5865401,1,3
417,"Kyrgyzstan",19.01229,2,"Cardiovascular diseases",2013,5865401,1,3
417,"Kyrgyzstan",19.47898,2,"Cardiovascular diseases",2014,5865401,1,3
417,"Kyrgyzstan",18.67683,2,"Cardiovascular diseases",2015,,1,3
417,"Kyrgyzstan",17.96781,2,"Cardiovascular diseases",2016,,1,3
498,"Republic of Moldova",22.5331,2,"Cardiovascular diseases",2000,4065980,1,8
498,"Republic of Moldova",21.38611,2,"Cardiovascular diseases",2001,4065980,1,8
498,"Republic of Moldova",21.91193,2,"Cardiovascular diseases",2002,4065980,1,8
498,"Republic of Moldova",21.91933,2,"Cardiovascular diseases",2003,4065980,1,8
498,"Republic of Moldova",21.48877,2,"Cardiovascular diseases",2004,4065980,1,8
498,"Republic of Moldova",22.16063,2,"Cardiovascular diseases",2005,4065980,1,8
498,"Republic of Moldova",21.08632,2,"Cardiovascular diseases",2006,4065980,1,8
498,"Republic of Moldova",20.41714,2,"Cardiovascular diseases",2007,4065980,1,8
498,"Republic of Moldova",19.15105,2,"Cardiovascular diseases",2008,4065980,1,8
498,"Republic of Moldova",19.68865,2,"Cardiovascular diseases",2009,4065980,1,8
498,"Republic of Moldova",20.09842,2,"Cardiovascular diseases",2010,4065980,1,8
498,"Republic of Moldova",17.65231,2,"Cardiovascular diseases",2011,4065980,1,8
498,"Republic of Moldova",16.9891,2,"Cardiovascular diseases",2012,4065980,1,8
498,"Republic of Moldova",16.16352,2,"Cardiovascular diseases",2013,4065980,1,8
498,"Republic of Moldova",16.9764,2,"Cardiovascular diseases",2014,4065980,1,8
498,"Republic of Moldova",17.40291,2,"Cardiovascular diseases",2015,,1,8
498,"Republic of Moldova",15.72598,2,"Cardiovascular diseases",2016,,1,8
528,"Netherlands",6.06151,2,"Cardiovascular diseases",2000,16938499,2,22
528,"Netherlands",5.593075,2,"Cardiovascular diseases",2001,16938499,2,22
528,"Netherlands",5.55604,2,"Cardiovascular diseases",2002,16938499,2,22
528,"Netherlands",5.213144,2,"Cardiovascular diseases",2003,16938499,2,22
528,"Netherlands",4.703982,2,"Cardiovascular diseases",2004,16938499,2,22
528,"Netherlands",4.406997,2,"Cardiovascular diseases",2005,16938499,2,22
528,"Netherlands",4.076973,2,"Cardiovascular diseases",2006,16938499,2,22
528,"Netherlands",3.916845,2,"Cardiovascular diseases",2007,16938499,2,22
528,"Netherlands",3.603253,2,"Cardiovascular diseases",2008,16938499,2,22
528,"Netherlands",3.366257,2,"Cardiovascular diseases",2009,16938499,2,22
528,"Netherlands",3.278436,2,"Cardiovascular diseases",2010,16938499,2,22
528,"Netherlands",3.065456,2,"Cardiovascular diseases",2011,16938499,2,22
528,"Netherlands",3.011697,2,"Cardiovascular diseases",2012,16938499,2,22
528,"Netherlands",2.919007,2,"Cardiovascular diseases",2013,16938499,2,22
528,"Netherlands",2.679755,2,"Cardiovascular diseases",2014,16938499,2,22
528,"Netherlands",2.743899,2,"Cardiovascular diseases",2015,,2,22
528,"Netherlands",2.641325,2,"Cardiovascular diseases",2016,,2,22
578,"Norway",5.372414,2,"Cardiovascular diseases",2000,5199836,2,14
578,"Norway",5.164748,2,"Cardiovascular diseases",2001,5199836,2,14
578,"Norway",4.960078,2,"Cardiovascular diseases",2002,5199836,2,14
578,"Norway",4.449864,2,"Cardiovascular diseases",2003,5199836,2,14
578,"Norway",4.21158,2,"Cardiovascular diseases",2004,5199836,2,14
578,"Norway",3.944117,2,"Cardiovascular diseases",2005,5199836,2,14
578,"Norway",3.776914,2,"Cardiovascular diseases",2006,5199836,2,14
578,"Norway",3.726372,2,"Cardiovascular diseases",2007,5199836,2,14
578,"Norway",3.629088,2,"Cardiovascular diseases",2008,5199836,2,14
578,"Norway",3.368532,2,"Cardiovascular diseases",2009,5199836,2,14
578,"Norway",3.233706,2,"Cardiovascular diseases",2010,5199836,2,14
578,"Norway",3.133952,2,"Cardiovascular diseases",2011,5199836,2,14
578,"Norway",3.130898,2,"Cardiovascular diseases",2012,5199836,2,14
578,"Norway",2.920762,2,"Cardiovascular diseases",2013,5199836,2,14
578,"Norway",2.602828,2,"Cardiovascular diseases",2014,5199836,2,14
578,"Norway",2.582102,2,"Cardiovascular diseases",2015,,2,14
578,"Norway",2.549426,2,"Cardiovascular diseases",2016,,2,14
643,"Russian Federation",25.9464,2,"Cardiovascular diseases",2000,143900000,1,10
643,"Russian Federation",26.54262,2,"Cardiovascular diseases",2001,143900000,1,10
643,"Russian Federation",27.50819,2,"Cardiovascular diseases",2002,143900000,1,10
643,"Russian Federation",27.87536,2,"Cardiovascular diseases",2003,143900000,1,10
643,"Russian Federation",26.81778,2,"Cardiovascular diseases",2004,143900000,1,10
643,"Russian Federation",26.60955,2,"Cardiovascular diseases",2005,143900000,1,10
643,"Russian Federation",24.07334,2,"Cardiovascular diseases",2006,143900000,1,10
643,"Russian Federation",22.7173,2,"Cardiovascular diseases",2007,143900000,1,10
643,"Russian Federation",22.73728,2,"Cardiovascular diseases",2008,143900000,1,10
643,"Russian Federation",21.42233,2,"Cardiovascular diseases",2009,143900000,1,10
643,"Russian Federation",20.70239,2,"Cardiovascular diseases",2010,143900000,1,10
643,"Russian Federation",18.62658,2,"Cardiovascular diseases",2011,143900000,1,10
643,"Russian Federation",18.78441,2,"Cardiovascular diseases",2012,143900000,1,10
643,"Russian Federation",17.7553,2,"Cardiovascular diseases",2013,143900000,1,10
643,"Russian Federation",16.71964,2,"Cardiovascular diseases",2014,143900000,1,10
643,"Russian Federation",16.8364,2,"Cardiovascular diseases",2015,,1,10
643,"Russian Federation",16.10201,2,"Cardiovascular diseases",2016,,1,10
724,"Spain",4.508825,2,"Cardiovascular diseases",2000,46397664,2,16
724,"Spain",4.303455,2,"Cardiovascular diseases",2001,46397664,2,16
724,"Spain",4.193625,2,"Cardiovascular diseases",2002,46397664,2,16
724,"Spain",4.111319,2,"Cardiovascular diseases",2003,46397664,2,16
724,"Spain",3.847273,2,"Cardiovascular diseases",2004,46397664,2,16
724,"Spain",3.79216,2,"Cardiovascular diseases",2005,46397664,2,16
724,"Spain",3.579113,2,"Cardiovascular diseases",2006,46397664,2,16
724,"Spain",3.447056,2,"Cardiovascular diseases",2007,46397664,2,16
724,"Spain",3.282223,2,"Cardiovascular diseases",2008,46397664,2,16
724,"Spain",3.112807,2,"Cardiovascular diseases",2009,46397664,2,16
724,"Spain",2.98355,2,"Cardiovascular diseases",2010,46397664,2,16
724,"Spain",2.847572,2,"Cardiovascular diseases",2011,46397664,2,16
724,"Spain",2.844986,2,"Cardiovascular diseases",2012,46397664,2,16
724,"Spain",2.786261,2,"Cardiovascular diseases",2013,46397664,2,16
724,"Spain",2.715343,2,"Cardiovascular diseases",2014,46397664,2,16
724,"Spain",2.754669,2,"Cardiovascular diseases",2015,,2,16
724,"Spain",2.669517,2,"Cardiovascular diseases",2016,,2,16
752,"Sweden",5.626985,2,"Cardiovascular diseases",2000,9763565,2,12
752,"Sweden",5.438523,2,"Cardiovascular diseases",2001,9763565,2,12
752,"Sweden",5.228134,2,"Cardiovascular diseases",2002,9763565,2,12
752,"Sweden",4.970445,2,"Cardiovascular diseases",2003,9763565,2,12
752,"Sweden",4.552026,2,"Cardiovascular diseases",2004,9763565,2,12
752,"Sweden",4.322521,2,"Cardiovascular diseases",2005,9763565,2,12
752,"Sweden",4.213,2,"Cardiovascular diseases",2006,9763565,2,12
752,"Sweden",4.125505,2,"Cardiovascular diseases",2007,9763565,2,12
752,"Sweden",3.981154,2,"Cardiovascular diseases",2008,9763565,2,12
752,"Sweden",3.796864,2,"Cardiovascular diseases",2009,9763565,2,12
752,"Sweden",3.613212,2,"Cardiovascular diseases",2010,9763565,2,12
752,"Sweden",3.519435,2,"Cardiovascular diseases",2011,9763565,2,12
752,"Sweden",3.453657,2,"Cardiovascular diseases",2012,9763565,2,12
752,"Sweden",3.383868,2,"Cardiovascular diseases",2013,9763565,2,12
752,"Sweden",3.264021,2,"Cardiovascular diseases",2014,9763565,2,12
752,"Sweden",3.285983,2,"Cardiovascular diseases",2015,,2,12
752,"Sweden",3.205656,2,"Cardiovascular diseases",2016,,2,12
762,"Tajikistan",18.86774,2,"Cardiovascular diseases",2000,8548651,1,2
762,"Tajikistan",19.02309,2,"Cardiovascular diseases",2001,8548651,1,2
762,"Tajikistan",18.91485,2,"Cardiovascular diseases",2002,8548651,1,2
762,"Tajikistan",18.30985,2,"Cardiovascular diseases",2003,8548651,1,2
762,"Tajikistan",17.54071,2,"Cardiovascular diseases",2004,8548651,1,2
762,"Tajikistan",19.1466,2,"Cardiovascular diseases",2005,8548651,1,2
762,"Tajikistan",19.19639,2,"Cardiovascular diseases",2006,8548651,1,2
762,"Tajikistan",19.31061,2,"Cardiovascular diseases",2007,8548651,1,2
762,"Tajikistan",18.84975,2,"Cardiovascular diseases",2008,8548651,1,2
762,"Tajikistan",17.86808,2,"Cardiovascular diseases",2009,8548651,1,2
762,"Tajikistan",18.26556,2,"Cardiovascular diseases",2010,8548651,1,2
762,"Tajikistan",18.28295,2,"Cardiovascular diseases",2011,8548651,1,2
762,"Tajikistan",18.29278,2,"Cardiovascular diseases",2012,8548651,1,2
762,"Tajikistan",18.33503,2,"Cardiovascular diseases",2013,8548651,1,2
762,"Tajikistan",18.26324,2,"Cardiovascular diseases",2014,8548651,1,2
762,"Tajikistan",17.42174,2,"Cardiovascular diseases",2015,,1,2
762,"Tajikistan",17.36086,2,"Cardiovascular diseases",2016,,1,2
795,"Turkmenistan",24.65212,2,"Cardiovascular diseases",2000,5565284,1,4
795,"Turkmenistan",23.58259,2,"Cardiovascular diseases",2001,5565284,1,4
795,"Turkmenistan",26.32571,2,"Cardiovascular diseases",2002,5565284,1,4
795,"Turkmenistan",26.28546,2,"Cardiovascular diseases",2003,5565284,1,4
795,"Turkmenistan",26.95044,2,"Cardiovascular diseases",2004,5565284,1,4
795,"Turkmenistan",27.54078,2,"Cardiovascular diseases",2005,5565284,1,4
795,"Turkmenistan",26.26432,2,"Cardiovascular diseases",2006,5565284,1,4
795,"Turkmenistan",26.68159,2,"Cardiovascular diseases",2007,5565284,1,4
795,"Turkmenistan",26.38389,2,"Cardiovascular diseases",2008,5565284,1,4
795,"Turkmenistan",23.52448,2,"Cardiovascular diseases",2009,5565284,1,4
795,"Turkmenistan",22.82702,2,"Cardiovascular diseases",2010,5565284,1,4
795,"Turkmenistan",21.7891,2,"Cardiovascular diseases",2011,5565284,1,4
795,"Turkmenistan",21.73674,2,"Cardiovascular diseases",2012,5565284,1,4
795,"Turkmenistan",22.09965,2,"Cardiovascular diseases",2013,5565284,1,4
795,"Turkmenistan",22.75047,2,"Cardiovascular diseases",2014,5565284,1,4
795,"Turkmenistan",24.42835,2,"Cardiovascular diseases",2015,,1,4
795,"Turkmenistan",23.44827,2,"Cardiovascular diseases",2016,,1,4
804,"Ukraine",22.9875,2,"Cardiovascular diseases",2000,44657704,1,9
804,"Ukraine",22.39756,2,"Cardiovascular diseases",2001,44657704,1,9
804,"Ukraine",23.07433,2,"Cardiovascular diseases",2002,44657704,1,9
804,"Ukraine",23.40705,2,"Cardiovascular diseases",2003,44657704,1,9
804,"Ukraine",24.25668,2,"Cardiovascular diseases",2004,44657704,1,9
804,"Ukraine",25.1825,2,"Cardiovascular diseases",2005,44657704,1,9
804,"Ukraine",24.04862,2,"Cardiovascular diseases",2006,44657704,1,9
804,"Ukraine",24.07536,2,"Cardiovascular diseases",2007,44657704,1,9
804,"Ukraine",23.60406,2,"Cardiovascular diseases",2008,44657704,1,9
804,"Ukraine",21.45769,2,"Cardiovascular diseases",2009,44657704,1,9
804,"Ukraine",20.36297,2,"Cardiovascular diseases",2010,44657704,1,9
804,"Ukraine",18.96364,2,"Cardiovascular diseases",2011,44657704,1,9
804,"Ukraine",18.73217,2,"Cardiovascular diseases",2012,44657704,1,9
804,"Ukraine",18.40954,2,"Cardiovascular diseases",2013,44657704,1,9
804,"Ukraine",18.24963,2,"Cardiovascular diseases",2014,44657704,1,9
804,"Ukraine",18.08838,2,"Cardiovascular diseases",2015,,1,9
804,"Ukraine",16.79296,2,"Cardiovascular diseases",2016,,1,9
826,"UK",7.161245,2,"Cardiovascular diseases",2000,65397080,2,17
826,"UK",6.82945,2,"Cardiovascular diseases",2001,65397080,2,17
826,"UK",6.553611,2,"Cardiovascular diseases",2002,65397080,2,17
826,"UK",6.25707,2,"Cardiovascular diseases",2003,65397080,2,17
826,"UK",5.785936,2,"Cardiovascular diseases",2004,65397080,2,17
826,"UK",5.431853,2,"Cardiovascular diseases",2005,65397080,2,17
826,"UK",5.085693,2,"Cardiovascular diseases",2006,65397080,2,17
826,"UK",4.838676,2,"Cardiovascular diseases",2007,65397080,2,17
826,"UK",4.595012,2,"Cardiovascular diseases",2008,65397080,2,17
826,"UK",4.279338,2,"Cardiovascular diseases",2009,65397080,2,17
826,"UK",4.17689,2,"Cardiovascular diseases",2010,65397080,2,17
826,"UK",3.767247,2,"Cardiovascular diseases",2011,65397080,2,17
826,"UK",3.677448,2,"Cardiovascular diseases",2012,65397080,2,17
826,"UK",3.626777,2,"Cardiovascular diseases",2013,65397080,2,17
826,"UK",3.559971,2,"Cardiovascular diseases",2014,65397080,2,17
826,"UK",3.678357,2,"Cardiovascular diseases",2015,,2,17
826,"UK",3.459924,2,"Cardiovascular diseases",2016,,2,17
860,"Uzbekistan",22.44068,2,"Cardiovascular diseases",2000,30976021,1,1
860,"Uzbekistan",22.13879,2,"Cardiovascular diseases",2001,30976021,1,1
860,"Uzbekistan",23.01681,2,"Cardiovascular diseases",2002,30976021,1,1
860,"Uzbekistan",22.65115,2,"Cardiovascular diseases",2003,30976021,1,1
860,"Uzbekistan",21.99096,2,"Cardiovascular diseases",2004,30976021,1,1
860,"Uzbekistan",23.42813,2,"Cardiovascular diseases",2005,30976021,1,1
860,"Uzbekistan",22.93172,2,"Cardiovascular diseases",2006,30976021,1,1
860,"Uzbekistan",22.17934,2,"Cardiovascular diseases",2007,30976021,1,1
860,"Uzbekistan",21.38744,2,"Cardiovascular diseases",2008,30976021,1,1
860,"Uzbekistan",20.75174,2,"Cardiovascular diseases",2009,30976021,1,1
860,"Uzbekistan",20.64849,2,"Cardiovascular diseases",2010,30976021,1,1
860,"Uzbekistan",20.3216,2,"Cardiovascular diseases",2011,30976021,1,1
860,"Uzbekistan",19.93237,2,"Cardiovascular diseases",2012,30976021,1,1
860,"Uzbekistan",19.52546,2,"Cardiovascular diseases",2013,30976021,1,1
860,"Uzbekistan",19.66188,2,"Cardiovascular diseases",2014,30976021,1,1
860,"Uzbekistan",19.32756,2,"Cardiovascular diseases",2015,,1,1
860,"Uzbekistan",18.97528,2,"Cardiovascular diseases",2016,,1,1
